orderId,status
1,status_b
2,status_b
3,status_a
4,status_a
5,status_b
6,status_b
7,status_b
8,status_b
9,status_b
10,status_a
11,status_b
12,status_a
13,status_b
14,status_a
15,status_b
16,status_a
17,status_b
18,status_b
19,status_b
20,status_b
21,status_b
22,status_b
23,status_b
24,status_b
25,status_b
26,status_b
27,status_a
28,status_b
29,status_a
30,status_b
31,status_b
32,status_b
33,status_a
34,status_b
35,status_b
36,status_a
37,status_b
38,status_b
39,status_a
40,status_b
41,status_a
42,status_b
43,status_a
44,status_b
45,status_b
46,status_b
47,status_b
48,status_b
49,status_b
50,status_a
51,status_b
52,status_b
53,status_b
54,status_a
55,status_a
56,status_b
57,status_b
58,status_b
59,status_a
60,status_a
61,status_b
62,status_b
63,status_b
64,status_b
65,status_a
66,status_b
67,status_b
68,status_a
69,status_b
70,status_b
71,status_a
72,status_a
73,status_a
74,status_b
75,status_b
76,status_b
77,status_b
78,status_a
79,status_a
80,status_b
81,status_b
82,status_b
83,status_b
84,status_a
85,status_b
86,status_a
87,status_a
88,status_b
89,status_b
90,status_b
91,status_b
92,status_b
93,status_a
94,status_a
95,status_b
96,status_b
97,status_b
98,status_b
99,status_b
100,status_b
101,status_b
102,status_b
103,status_b
104,status_a
105,status_a
106,status_b
107,status_b
108,status_b
109,status_b
110,status_b
111,status_b
112,status_b
113,status_b
114,status_b
115,status_b
116,status_a
117,status_a
118,status_b
119,status_a
120,status_b
121,status_b
122,status_b
123,status_b
124,status_a
125,status_b
126,status_b
127,status_b
128,status_a
129,status_b
130,status_b
131,status_b
132,status_a
133,status_b
134,status_a
135,status_b
136,status_a
137,status_a
138,status_b
139,status_b
140,status_b
141,status_b
142,status_b
143,status_a
144,status_b
145,status_a
146,status_b
147,status_b
148,status_b
149,status_a
150,status_a
151,status_a
152,status_b
153,status_b
154,status_b
155,status_b
156,status_b
157,status_b
158,status_b
159,status_b
160,status_b
161,status_b
162,status_b
163,status_a
164,status_b
165,status_b
166,status_a
167,status_b
168,status_b
169,status_a
170,status_b
171,status_a
172,status_b
173,status_b
174,status_a
175,status_a
176,status_b
177,status_b
178,status_b
179,status_b
180,status_a
181,status_a
182,status_b
183,status_b
184,status_b
185,status_b
186,status_b
187,status_a
188,status_b
189,status_b
190,status_a
191,status_b
192,status_b
193,status_b
194,status_a
195,status_a
196,status_b
197,status_a
198,status_b
199,status_a
200,status_b
201,status_a
202,status_b
203,status_a
204,status_b
205,status_b
206,status_a
207,status_a
208,status_a
209,status_b
210,status_b
211,status_a
212,status_a
213,status_b
214,status_a
215,status_a
216,status_b
217,status_b
218,status_a
219,status_b
220,status_b
221,status_b
222,status_a
223,status_b
224,status_a
225,status_b
226,status_b
227,status_a
228,status_a
229,status_b
230,status_b
231,status_b
232,status_b
233,status_b
234,status_a
235,status_b
236,status_a
237,status_b
238,status_a
239,status_a
240,status_a
241,status_b
242,status_b
243,status_a
244,status_b
245,status_a
246,status_b
247,status_a
248,status_b
249,status_b
250,status_b
251,status_a
252,status_a
253,status_b
254,status_b
255,status_b
256,status_b
257,status_b
258,status_b
259,status_a
260,status_b
261,status_a
262,status_b
263,status_b
264,status_b
265,status_b
266,status_b
267,status_b
268,status_a
269,status_b
270,status_a